id;payment_date;attachment;attachment_content_type;status;amount;reason;modified_date;modified_by
1;2020-02-19;../fake-data/blob/hipster.png;image/png;Home Loan Account;35742;hacking haptic;2020-02-19;Checking Account
2;2020-02-19;../fake-data/blob/hipster.png;image/png;Wooden;44370;wireless Optimization;2020-02-18;back up
3;2020-02-19;../fake-data/blob/hipster.png;image/png;implementation copy;77152;Fish;2020-02-18;Alabama Accountability digital
4;2020-02-19;../fake-data/blob/hipster.png;image/png;moratorium;13397;Keyboard;2020-02-19;syndicate
5;2020-02-19;../fake-data/blob/hipster.png;image/png;Singapore Dollar Sleek;39104;Functionality;2020-02-19;transmit
6;2020-02-19;../fake-data/blob/hipster.png;image/png;Route;11743;Secured;2020-02-19;Key
7;2020-02-19;../fake-data/blob/hipster.png;image/png;Accountability;52285;compressing leading edge;2020-02-18;Garden
8;2020-02-19;../fake-data/blob/hipster.png;image/png;task-force Legacy;55468;Designer indigo 1080p;2020-02-19;whiteboard Handmade Metal Soap exploit
9;2020-02-19;../fake-data/blob/hipster.png;image/png;Music Slovenia;23105;Kentucky SDD;2020-02-19;Metrics connecting Awesome Rubber Fish
10;2020-02-18;../fake-data/blob/hipster.png;image/png;withdrawal incubate;25057;Wallis and Futuna;2020-02-19;connecting
